order,context,next,count,probability
1,<S>,C,66,0.5893
1,<S>,Am,22,0.1964
1,<S>,Dm,5,0.0446
1,<S>,Cm,5,0.0446
1,<S>,F,4,0.0357
1,<S>,Gm,2,0.0179
1,<S>,Fm,2,0.0179
1,<S>,Em,1,0.0089
1,<S>,E,1,0.0089
1,<S>,B,1,0.0089
1,<S>,D,1,0.0089
1,<S>,Db,1,0.0089
1,<S>,Ab,1,0.0089
1,A,D,18,0.5455
1,A,C,9,0.2727
1,A,F#,6,0.1818
1,Ab,C,11,0.6111
1,Ab,Cm,4,0.2222
1,Ab,Db,1,0.0556
1,Ab,Fm,1,0.0556
1,Ab,Eb,1,0.0556
1,Am,C,55,0.3459
1,Am,Em,22,0.1384
1,Am,Dm,21,0.1321
1,Am,<E>,17,0.1069
1,Am,G,10,0.0629
1,Am,F,10,0.0629
1,Am,D,5,0.0314
1,Am,Bb,4,0.0252
1,Am,Gm,4,0.0252
1,Am,E,4,0.0252
1,Am,Fm,3,0.0189
1,Am,Ab,3,0.0189
1,Am,Db,1,0.0063
1,B,C,5,0.6250
1,B,Eb,2,0.2500
1,B,G,1,0.1250
1,Bb,C,5,0.2273
1,Bb,B,5,0.2273
1,Bb,Gm,3,0.1364
1,Bb,Dm,3,0.1364
1,Bb,Am,2,0.0909
1,Bb,Ab,1,0.0455
1,Bb,Fm,1,0.0455
1,Bb,F,1,0.0455
1,Bb,Bbm,1,0.0455
1,Bbm,Fm,1,0.5000
1,Bbm,F,1,0.5000
1,Bm,C,2,1.0000
1,C,F,119,0.2511
1,C,<E>,84,0.1772
1,C,Am,61,0.1287
1,C,Em,61,0.1287
1,C,Dm,50,0.1055
1,C,Fm,29,0.0612
1,C,Gm,14,0.0295
1,C,A,13,0.0274
1,C,E,11,0.0232
1,C,Bb,11,0.0232
1,C,Ab,8,0.0169
1,C,Eb,7,0.0148
1,C,G,3,0.0063
1,C,Db,1,0.0021
1,C,D,1,0.0021
1,C,Cm,1,0.0021
1,Cm,Fm,6,0.3000
1,Cm,C,6,0.3000
1,Cm,G,2,0.1000
1,Cm,Ab,2,0.1000
1,Cm,<E>,1,0.0500
1,Cm,Am,1,0.0500
1,Cm,Gm,1,0.0500
1,Cm,E,1,0.0500
1,D,A,18,0.6923
1,D,C,3,0.1154
1,D,F,2,0.0769
1,D,Am,2,0.0769
1,D,<E>,1,0.0385
1,Db,C,4,0.6667
1,Db,Ab,1,0.1667
1,Db,Dm,1,0.1667
1,Dbm,E,3,1.0000
1,Dm,C,40,0.4040
1,Dm,Am,26,0.2626
1,Dm,Fm,14,0.1414
1,Dm,F,6,0.0606
1,Dm,Gm,5,0.0505
1,Dm,Bb,5,0.0505
1,Dm,Ab,1,0.0101
1,Dm,Em,1,0.0101
1,Dm,<E>,1,0.0101
1,E,F,6,0.2727
1,E,C,6,0.2727
1,E,Am,3,0.1364
1,E,Dbm,3,0.1364
1,E,Em,2,0.0909
1,E,Fm,1,0.0455
1,E,Dm,1,0.0455
1,Eb,C,7,0.4667
1,Eb,<E>,2,0.1333
1,Eb,G,2,0.1333
1,Eb,Cm,2,0.1333
1,Eb,B,1,0.0667
1,Eb,F#,1,0.0667
1,Em,C,56,0.5773
1,Em,Am,26,0.2680
1,Em,Dm,6,0.0619
1,Em,Gm,3,0.0309
1,Em,G,3,0.0309
1,Em,F,3,0.0309
1,F,C,99,0.6471
1,F,Fm,25,0.1634
1,F,Am,6,0.0392
1,F,Em,5,0.0327
1,F,Db,2,0.0131
1,F,Eb,2,0.0131
1,F,A,2,0.0131
1,F,Dm,2,0.0131
1,F,<E>,2,0.0131
1,F,E,2,0.0131
1,F,Bb,2,0.0131
1,F,Bbm,1,0.0065
1,F,D,1,0.0065
1,F,Ab,1,0.0065
1,F,G,1,0.0065
1,F#,G,6,0.8571
1,F#,C,1,0.1429
1,Fm,C,77,0.8652
1,Fm,Cm,6,0.0674
1,Fm,Am,2,0.0225
1,Fm,<E>,1,0.0112
1,Fm,Gm,1,0.0112
1,Fm,Eb,1,0.0112
1,Fm,Em,1,0.0112
1,G,C,16,0.5714
1,G,Am,8,0.2857
1,G,Eb,2,0.0714
1,G,B,1,0.0357
1,G,F,1,0.0357
1,Gm,Dm,10,0.3030
1,Gm,C,6,0.1818
1,Gm,Fm,6,0.1818
1,Gm,Em,4,0.1212
1,Gm,<E>,3,0.0909
1,Gm,Bm,2,0.0606
1,Gm,Cm,2,0.0606
2,<S> <S>,C,66,0.5893
2,<S> <S>,Am,22,0.1964
2,<S> <S>,Dm,5,0.0446
2,<S> <S>,Cm,5,0.0446
2,<S> <S>,F,4,0.0357
2,<S> <S>,Gm,2,0.0179
2,<S> <S>,Fm,2,0.0179
2,<S> <S>,Em,1,0.0089
2,<S> <S>,E,1,0.0089
2,<S> <S>,B,1,0.0089
2,<S> <S>,D,1,0.0089
2,<S> <S>,Db,1,0.0089
2,<S> <S>,Ab,1,0.0089
2,<S> Ab,C,1,1.0000
2,<S> Am,Dm,8,0.3636
2,<S> Am,C,7,0.3182
2,<S> Am,Bb,2,0.0909
2,<S> Am,F,2,0.0909
2,<S> Am,Gm,1,0.0455
2,<S> Am,G,1,0.0455
2,<S> Am,D,1,0.0455
2,<S> B,G,1,1.0000
2,<S> C,F,26,0.3939
2,<S> C,Dm,8,0.1212
2,<S> C,Am,7,0.1061
2,<S> C,Fm,4,0.0606
2,<S> C,Em,4,0.0606
2,<S> C,Eb,4,0.0606
2,<S> C,Bb,3,0.0455
2,<S> C,E,3,0.0455
2,<S> C,Ab,2,0.0303
2,<S> C,Gm,2,0.0303
2,<S> C,Db,1,0.0152
2,<S> C,A,1,0.0152
2,<S> C,D,1,0.0152
2,<S> Cm,Fm,2,0.4000
2,<S> Cm,Gm,1,0.2000
2,<S> Cm,Ab,1,0.2000
2,<S> Cm,C,1,0.2000
2,<S> D,F,1,1.0000
2,<S> Db,Dm,1,1.0000
2,<S> Dm,C,2,0.4000
2,<S> Dm,Am,1,0.2000
2,<S> Dm,Gm,1,0.2000
2,<S> Dm,F,1,0.2000
2,<S> E,Fm,1,1.0000
2,<S> Em,Gm,1,1.0000
2,<S> F,C,2,0.5000
2,<S> F,Fm,1,0.2500
2,<S> F,Bbm,1,0.2500
2,<S> Fm,C,1,0.5000
2,<S> Fm,Em,1,0.5000
2,<S> Gm,C,1,0.5000
2,<S> Gm,Dm,1,0.5000
2,A C,F,4,0.4444
2,A C,A,3,0.3333
2,A C,<E>,2,0.2222
2,A D,A,18,1.0000
2,A F#,G,6,1.0000
2,Ab C,F,4,0.3636
2,Ab C,<E>,3,0.2727
2,Ab C,Am,1,0.0909
2,Ab C,Ab,1,0.0909
2,Ab C,Eb,1,0.0909
2,Ab C,Em,1,0.0909
2,Ab Cm,C,2,0.5000
2,Ab Cm,Ab,1,0.2500
2,Ab Cm,Fm,1,0.2500
2,Ab Db,Ab,1,1.0000
2,Ab Eb,C,1,1.0000
2,Ab Fm,Am,1,1.0000
2,Am Ab,C,3,1.0000
2,Am Bb,Gm,3,0.7500
2,Am Bb,Am,1,0.2500
2,Am C,Am,17,0.3091
2,Am C,<E>,9,0.1636
2,Am C,F,9,0.1636
2,Am C,Em,7,0.1273
2,Am C,Dm,5,0.0909
2,Am C,Fm,3,0.0545
2,Am C,Ab,2,0.0364
2,Am C,G,1,0.0182
2,Am C,E,1,0.0182
2,Am C,Bb,1,0.0182
2,Am D,C,2,0.4000
2,Am D,Am,2,0.4000
2,Am D,F,1,0.2000
2,Am Db,C,1,1.0000
2,Am Dm,Am,13,0.6190
2,Am Dm,C,5,0.2381
2,Am Dm,F,3,0.1429
2,Am E,Am,3,0.7500
2,Am E,C,1,0.2500
2,Am Em,Am,16,0.7273
2,Am Em,C,4,0.1818
2,Am Em,G,2,0.0909
2,Am F,C,7,0.7000
2,Am F,Am,3,0.3000
2,Am Fm,C,2,0.6667
2,Am Fm,Am,1,0.3333
2,Am G,Am,6,0.6000
2,Am G,C,4,0.4000
2,Am Gm,C,2,0.5000
2,Am Gm,Cm,1,0.2500
2,Am Gm,<E>,1,0.2500
2,B C,<E>,3,0.6000
2,B C,Am,2,0.4000
2,B Eb,G,1,0.5000
2,B Eb,<E>,1,0.5000
2,B G,Eb,1,1.0000
2,Bb Ab,C,1,1.0000
2,Bb Am,<E>,2,1.0000
2,Bb B,C,5,1.0000
2,Bb Bbm,F,1,1.0000
2,Bb C,Bb,2,0.4000
2,Bb C,Dm,2,0.4000
2,Bb C,<E>,1,0.2000
2,Bb Dm,Bb,3,1.0000
2,Bb F,C,1,1.0000
2,Bb Fm,C,1,1.0000
2,Bb Gm,Dm,3,1.0000
2,Bbm F,<E>,1,1.0000
2,Bbm Fm,Cm,1,1.0000
2,Bm C,Fm,2,1.0000
2,C A,C,7,0.5385
2,C A,D,6,0.4615
2,C Ab,C,5,0.6250
2,C Ab,Cm,2,0.2500
2,C Ab,Eb,1,0.1250
2,C Am,C,32,0.5246
2,C Am,F,6,0.0984
2,C Am,G,5,0.0820
2,C Am,<E>,4,0.0656
2,C Am,Dm,3,0.0492
2,C Am,D,3,0.0492
2,C Am,Ab,3,0.0492
2,C Am,Em,2,0.0328
2,C Am,Fm,1,0.0164
2,C Am,Db,1,0.0164
2,C Am,Gm,1,0.0164
2,C Bb,B,5,0.4545
2,C Bb,C,3,0.2727
2,C Bb,Ab,1,0.0909
2,C Bb,Dm,1,0.0909
2,C Bb,Am,1,0.0909
2,C Cm,Fm,1,1.0000
2,C D,C,1,1.0000
2,C Db,C,1,1.0000
2,C Dm,C,30,0.6000
2,C Dm,Fm,9,0.1800
2,C Dm,Am,8,0.1600
2,C Dm,Bb,2,0.0400
2,C Dm,Em,1,0.0200
2,C E,F,6,0.5455
2,C E,C,4,0.3636
2,C E,Dbm,1,0.0909
2,C Eb,C,4,0.5714
2,C Eb,Cm,2,0.2857
2,C Eb,F#,1,0.1429
2,C Em,C,47,0.7705
2,C Em,Am,7,0.1148
2,C Em,F,3,0.0492
2,C Em,Dm,2,0.0328
2,C Em,G,1,0.0164
2,C Em,Gm,1,0.0164
2,C F,C,84,0.7059
2,C F,Fm,21,0.1765
2,C F,Db,2,0.0168
2,C F,Eb,2,0.0168
2,C F,Em,2,0.0168
2,C F,A,2,0.0168
2,C F,Am,2,0.0168
2,C F,Bb,2,0.0168
2,C F,Ab,1,0.0084
2,C F,G,1,0.0084
2,C Fm,C,27,0.9310
2,C Fm,<E>,1,0.0345
2,C Fm,Eb,1,0.0345
2,C G,Am,2,0.6667
2,C G,F,1,0.3333
2,C Gm,Fm,6,0.4286
2,C Gm,Dm,5,0.3571
2,C Gm,Bm,2,0.1429
2,C Gm,C,1,0.0714
2,Cm Ab,Cm,2,1.0000
2,Cm Am,Gm,1,1.0000
2,Cm C,Ab,2,0.3333
2,Cm C,<E>,2,0.3333
2,Cm C,Cm,1,0.1667
2,Cm C,F,1,0.1667
2,Cm E,C,1,1.0000
2,Cm Fm,Cm,5,0.8333
2,Cm Fm,Gm,1,0.1667
2,Cm G,C,2,1.0000
2,Cm Gm,Cm,1,1.0000
2,D A,D,12,0.6667
2,D A,F#,6,0.3333
2,D Am,Dm,1,0.5000
2,D Am,D,1,0.5000
2,D C,Bb,1,0.3333
2,D C,Am,1,0.3333
2,D C,<E>,1,0.3333
2,D F,D,1,0.5000
2,D F,C,1,0.5000
2,Db Ab,Fm,1,1.0000
2,Db C,F,2,0.5000
2,Db C,<E>,2,0.5000
2,Db Dm,Am,1,1.0000
2,Dbm E,Dbm,2,0.6667
2,Dbm E,Dm,1,0.3333
2,Dm Ab,Db,1,1.0000
2,Dm Am,C,9,0.3462
2,Dm Am,<E>,6,0.2308
2,Dm Am,Dm,5,0.1923
2,Dm Am,Em,2,0.0769
2,Dm Am,Bb,1,0.0385
2,Dm Am,Gm,1,0.0385
2,Dm Am,Fm,1,0.0385
2,Dm Am,F,1,0.0385
2,Dm Bb,Dm,2,0.4000
2,Dm Bb,C,2,0.4000
2,Dm Bb,Fm,1,0.2000
2,Dm C,Dm,16,0.4000
2,Dm C,F,10,0.2500
2,Dm C,Am,4,0.1000
2,Dm C,<E>,4,0.1000
2,Dm C,E,2,0.0500
2,Dm C,Em,2,0.0500
2,Dm C,Bb,1,0.0250
2,Dm C,Ab,1,0.0250
2,Dm Em,Dm,1,1.0000
2,Dm F,Dm,2,0.3333
2,Dm F,E,2,0.3333
2,Dm F,Fm,1,0.1667
2,Dm F,<E>,1,0.1667
2,Dm Fm,C,14,1.0000
2,Dm Gm,Em,3,0.6000
2,Dm Gm,C,1,0.2000
2,Dm Gm,Dm,1,0.2000
2,E Am,C,2,0.6667
2,E Am,G,1,0.3333
2,E C,Gm,2,0.3333
2,E C,Am,2,0.3333
2,E C,<E>,1,0.1667
2,E C,G,1,0.1667
2,E Dbm,E,3,1.0000
2,E Dm,C,1,1.0000
2,E Em,Am,2,1.0000
2,E F,C,4,0.6667
2,E F,Fm,2,0.3333
2,E Fm,C,1,1.0000
2,Eb B,Eb,1,1.0000
2,Eb C,<E>,3,0.4286
2,Eb C,F,2,0.2857
2,Eb C,A,1,0.1429
2,Eb C,Dm,1,0.1429
2,Eb Cm,G,2,1.0000
2,Eb F#,C,1,1.0000
2,Eb G,Eb,1,0.5000
2,Eb G,B,1,0.5000
2,Em Am,Em,18,0.6923
2,Em Am,C,3,0.1154
2,Em Am,<E>,2,0.0769
2,Em Am,E,2,0.0769
2,Em Am,Dm,1,0.0385
2,Em C,Em,34,0.6071
2,Em C,Am,7,0.1250
2,Em C,A,6,0.1071
2,Em C,F,4,0.0714
2,Em C,Dm,2,0.0357
2,Em C,Gm,2,0.0357
2,Em C,<E>,1,0.0179
2,Em Dm,Gm,3,0.5000
2,Em Dm,C,2,0.3333
2,Em Dm,<E>,1,0.1667
2,Em F,Em,3,1.0000
2,Em G,C,3,1.0000
2,Em Gm,Em,1,0.3333
2,Em Gm,<E>,1,0.3333
2,Em Gm,C,1,0.3333
2,F A,C,2,1.0000
2,F Ab,C,1,1.0000
2,F Am,<E>,2,0.3333
2,F Am,F,1,0.1667
2,F Am,G,1,0.1667
2,F Am,C,1,0.1667
2,F Am,Fm,1,0.1667
2,F Bb,F,1,0.5000
2,F Bb,Bbm,1,0.5000
2,F Bbm,Fm,1,1.0000
2,F C,F,35,0.3535
2,F C,<E>,30,0.3030
2,F C,Am,12,0.1212
2,F C,Dm,5,0.0505
2,F C,Fm,4,0.0404
2,F C,Em,4,0.0404
2,F C,Gm,3,0.0303
2,F C,A,2,0.0202
2,F C,Eb,2,0.0202
2,F C,E,1,0.0101
2,F C,Bb,1,0.0101
2,F D,<E>,1,1.0000
2,F Db,C,2,1.0000
2,F Dm,F,2,1.0000
2,F E,Em,2,1.0000
2,F Eb,C,2,1.0000
2,F Em,C,5,1.0000
2,F Fm,C,25,1.0000
2,F G,C,1,1.0000
2,F# C,<E>,1,1.0000
2,F# G,C,6,1.0000
2,Fm Am,Bb,1,0.5000
2,Fm Am,Dm,1,0.5000
2,Fm C,F,20,0.2597
2,Fm C,<E>,18,0.2338
2,Fm C,Fm,16,0.2078
2,Fm C,Dm,6,0.0779
2,Fm C,Am,5,0.0649
2,Fm C,E,4,0.0519
2,Fm C,Gm,3,0.0390
2,Fm C,Em,3,0.0390
2,Fm C,Bb,2,0.0260
2,Fm Cm,C,3,0.5000
2,Fm Cm,Fm,1,0.1667
2,Fm Cm,<E>,1,0.1667
2,Fm Cm,E,1,0.1667
2,Fm Eb,<E>,1,1.0000
2,Fm Em,Am,1,1.0000
2,Fm Gm,<E>,1,1.0000
2,G Am,E,2,0.2500
2,G Am,Dm,2,0.2500
2,G Am,G,2,0.2500
2,G Am,<E>,1,0.1250
2,G Am,C,1,0.1250
2,G B,Eb,1,1.0000
2,G C,Em,6,0.3750
2,G C,Am,3,0.1875
2,G C,<E>,2,0.1250
2,G C,Dm,2,0.1250
2,G C,F,2,0.1250
2,G C,Gm,1,0.0625
2,G Eb,G,1,0.5000
2,G Eb,B,1,0.5000
2,G F,Am,1,1.0000
2,Gm Bm,C,2,1.0000
2,Gm C,Dm,3,0.5000
2,Gm C,Gm,1,0.1667
2,Gm C,<E>,1,0.1667
2,Gm C,G,1,0.1667
2,Gm Cm,Am,1,0.5000
2,Gm Cm,Fm,1,0.5000
2,Gm Dm,Fm,5,0.5000
2,Gm Dm,Am,3,0.3000
2,Gm Dm,Ab,1,0.1000
2,Gm Dm,Gm,1,0.1000
2,Gm Em,Dm,3,0.7500
2,Gm Em,Gm,1,0.2500
2,Gm Fm,C,6,1.0000
